-- ============================================================================
-- SEED DATA — ข้อมูลตัวอย่างสำหรับ Demo / Testing
-- รันด้วย: psql -f supabase/seed.sql หรือ npm run db:seed
-- ล้างข้อมูลก่อน seed ใหม่: SELECT reset_tenant_data('d0000000-0000-0000-0000-000000000001');
-- ============================================================================

-- ════════════════════════════════════════════════════════════════════════════
-- 0) TENANT + BRANCH + USERS
-- ════════════════════════════════════════════════════════════════════════════
INSERT INTO tenants (id, name, plan, status, approved_at, expires_at)
VALUES (
  'd0000000-0000-0000-0000-000000000001',
  'Demo Bar & Restaurant',
  'pro',
  'active',
  now(),
  now() + interval '1 year'
) ON CONFLICT (id) DO NOTHING;

-- Disable branch limit trigger temporarily for seed
ALTER TABLE branches DISABLE TRIGGER trg_check_branch_limit;

INSERT INTO branches (id, tenant_id, name, address) VALUES
  ('b0000000-0000-0000-0000-000000000001', 'd0000000-0000-0000-0000-000000000001', 'สาขาสยาม', '123 สยามสแควร์'),
  ('b0000000-0000-0000-0000-000000000002', 'd0000000-0000-0000-0000-000000000001', 'สาขาทองหล่อ', '456 ทองหล่อ ซอย 10')
ON CONFLICT (id) DO NOTHING;

ALTER TABLE branches ENABLE TRIGGER trg_check_branch_limit;

-- Users (ต้อง INSERT ลง auth.users ก่อนถ้ารันจริง — ที่นี่ seed เฉพาะ public.users)
INSERT INTO users (id, tenant_id, branch_id, role, full_name) VALUES
  ('u0000000-0000-0000-0000-000000000001', 'd0000000-0000-0000-0000-000000000001', NULL, 'owner', 'เจ้าของร้าน Demo'),
  ('u0000000-0000-0000-0000-000000000002', 'd0000000-0000-0000-0000-000000000001', 'b0000000-0000-0000-0000-000000000001', 'staff', 'พนักงาน สาขาสยาม'),
  ('u0000000-0000-0000-0000-000000000003', 'd0000000-0000-0000-0000-000000000001', 'b0000000-0000-0000-0000-000000000002', 'staff', 'พนักงาน สาขาทองหล่อ')
ON CONFLICT (id) DO NOTHING;

-- Sales channels
SELECT seed_default_sales_channels('d0000000-0000-0000-0000-000000000001');

-- ════════════════════════════════════════════════════════════════════════════
-- 1) INVENTORY ITEMS — สาขาสยาม
-- ════════════════════════════════════════════════════════════════════════════
INSERT INTO inventory_items (id, tenant_id, branch_id, name, unit, category) VALUES
  -- 0201_dry วัตถุดิบแห้ง
  ('i0000000-0000-0000-0001-000000000001', 'd0000000-0000-0000-0000-000000000001', 'b0000000-0000-0000-0000-000000000001', 'ข้าวสวย', 'กก.', '0201_dry'),
  ('i0000000-0000-0000-0001-000000000002', 'd0000000-0000-0000-0000-000000000001', 'b0000000-0000-0000-0000-000000000001', 'น้ำมันพืช', 'ขวด', '0201_dry'),
  ('i0000000-0000-0000-0001-000000000003', 'd0000000-0000-0000-0000-000000000001', 'b0000000-0000-0000-0000-000000000001', 'ซอสหอยนางรม', 'ขวด', '0201_dry'),
  ('i0000000-0000-0000-0001-000000000004', 'd0000000-0000-0000-0000-000000000001', 'b0000000-0000-0000-0000-000000000001', 'น้ำปลา', 'ขวด', '0201_dry'),
  ('i0000000-0000-0000-0001-000000000005', 'd0000000-0000-0000-0000-000000000001', 'b0000000-0000-0000-0000-000000000001', 'ซอสพริก', 'ขวด', '0201_dry'),
  -- 0201_frozen วัตถุดิบแช่แข็ง
  ('i0000000-0000-0000-0002-000000000001', 'd0000000-0000-0000-0000-000000000001', 'b0000000-0000-0000-0000-000000000001', 'หมูสไลซ์', 'กก.', '0201_frozen'),
  ('i0000000-0000-0000-0002-000000000002', 'd0000000-0000-0000-0000-000000000001', 'b0000000-0000-0000-0000-000000000001', 'ไก่สับ', 'กก.', '0201_frozen'),
  ('i0000000-0000-0000-0002-000000000003', 'd0000000-0000-0000-0000-000000000001', 'b0000000-0000-0000-0000-000000000001', 'กุ้งแช่แข็ง', 'กก.', '0201_frozen'),
  ('i0000000-0000-0000-0002-000000000004', 'd0000000-0000-0000-0000-000000000001', 'b0000000-0000-0000-0000-000000000001', 'ปลาหมึก', 'กก.', '0201_frozen'),
  ('i0000000-0000-0000-0002-000000000005', 'd0000000-0000-0000-0000-000000000001', 'b0000000-0000-0000-0000-000000000001', 'ผักรวม', 'กก.', '0201_frozen'),
  -- 0202 เครื่องดื่ม
  ('i0000000-0000-0000-0003-000000000001', 'd0000000-0000-0000-0000-000000000001', 'b0000000-0000-0000-0000-000000000001', 'น้ำเปล่า', 'แพ็ค', '0202'),
  ('i0000000-0000-0000-0003-000000000002', 'd0000000-0000-0000-0000-000000000001', 'b0000000-0000-0000-0000-000000000001', 'น้ำอัดลม', 'ลัง', '0202'),
  ('i0000000-0000-0000-0003-000000000003', 'd0000000-0000-0000-0000-000000000001', 'b0000000-0000-0000-0000-000000000001', 'กาแฟคั่ว', 'กก.', '0202'),
  -- 0203 แอลกอฮอล์
  ('i0000000-0000-0000-0004-000000000001', 'd0000000-0000-0000-0000-000000000001', 'b0000000-0000-0000-0000-000000000001', 'เบียร์สิงห์', 'ลัง', '0203'),
  ('i0000000-0000-0000-0004-000000000002', 'd0000000-0000-0000-0000-000000000001', 'b0000000-0000-0000-0000-000000000001', 'เบียร์ช้าง', 'ลัง', '0203'),
  ('i0000000-0000-0000-0004-000000000003', 'd0000000-0000-0000-0000-000000000001', 'b0000000-0000-0000-0000-000000000001', 'เบียร์ลีโอ', 'ลัง', '0203'),
  ('i0000000-0000-0000-0004-000000000004', 'd0000000-0000-0000-0000-000000000001', 'b0000000-0000-0000-0000-000000000001', 'วิสกี้ จอห์นนี่', 'ขวด', '0203'),
  ('i0000000-0000-0000-0004-000000000005', 'd0000000-0000-0000-0000-000000000001', 'b0000000-0000-0000-0000-000000000001', 'โซจู', 'ขวด', '0203'),
  -- 0204 ขนมหวาน
  ('i0000000-0000-0000-0005-000000000001', 'd0000000-0000-0000-0000-000000000001', 'b0000000-0000-0000-0000-000000000001', 'แป้งสาลี', 'กก.', '0204'),
  ('i0000000-0000-0000-0005-000000000002', 'd0000000-0000-0000-0000-000000000001', 'b0000000-0000-0000-0000-000000000001', 'น้ำตาลทราย', 'กก.', '0204'),
  -- 0205 บรรจุภัณฑ์
  ('i0000000-0000-0000-0006-000000000001', 'd0000000-0000-0000-0000-000000000001', 'b0000000-0000-0000-0000-000000000001', 'กล่องอาหาร', 'แพ็ค', '0205'),
  ('i0000000-0000-0000-0006-000000000002', 'd0000000-0000-0000-0000-000000000001', 'b0000000-0000-0000-0000-000000000001', 'ถุงพลาสติก', 'แพ็ค', '0205'),
  ('i0000000-0000-0000-0006-000000000003', 'd0000000-0000-0000-0000-000000000001', 'b0000000-0000-0000-0000-000000000001', 'แก้วพลาสติก', 'แพ็ค', '0205'),
  -- 0409 วัสดุสิ้นเปลือง
  ('i0000000-0000-0000-0007-000000000001', 'd0000000-0000-0000-0000-000000000001', 'b0000000-0000-0000-0000-000000000001', 'ผ้าเช็ดโต๊ะ', 'ผืน', '0409'),
  ('i0000000-0000-0000-0007-000000000002', 'd0000000-0000-0000-0000-000000000001', 'b0000000-0000-0000-0000-000000000001', 'น้ำยาล้างจาน', 'ขวด', '0409'),
  ('i0000000-0000-0000-0007-000000000003', 'd0000000-0000-0000-0000-000000000001', 'b0000000-0000-0000-0000-000000000001', 'ถุงมือยาง', 'กล่อง', '0409')
ON CONFLICT (id) DO NOTHING;

-- ════════════════════════════════════════════════════════════════════════════
-- 2) INVENTORY MONTHLY HEADER — มีนาคม 2569 (March 2026)
-- ════════════════════════════════════════════════════════════════════════════
INSERT INTO inventory_monthly_header (id, branch_id, month, year, total_monthly_sales, selling_days)
VALUES (
  'h0000000-0000-0000-0000-000000000001',
  'b0000000-0000-0000-0000-000000000001',
  3, 2026, 850000.00, 26
) ON CONFLICT (branch_id, month, year) DO UPDATE
  SET total_monthly_sales = EXCLUDED.total_monthly_sales, selling_days = EXCLUDED.selling_days;

-- ════════════════════════════════════════════════════════════════════════════
-- 3) OPENING STOCK — มีนาคม 2026
-- ════════════════════════════════════════════════════════════════════════════
INSERT INTO opening_stock (item_id, branch_id, month, year, quantity, amount) VALUES
  ('i0000000-0000-0000-0001-000000000001', 'b0000000-0000-0000-0000-000000000001', 3, 2026, 50, 1500.00),
  ('i0000000-0000-0000-0001-000000000002', 'b0000000-0000-0000-0000-000000000001', 3, 2026, 10, 600.00),
  ('i0000000-0000-0000-0001-000000000003', 'b0000000-0000-0000-0000-000000000001', 3, 2026, 5, 375.00),
  ('i0000000-0000-0000-0001-000000000004', 'b0000000-0000-0000-0000-000000000001', 3, 2026, 8, 280.00),
  ('i0000000-0000-0000-0001-000000000005', 'b0000000-0000-0000-0000-000000000001', 3, 2026, 6, 180.00),
  ('i0000000-0000-0000-0002-000000000001', 'b0000000-0000-0000-0000-000000000001', 3, 2026, 30, 5400.00),
  ('i0000000-0000-0000-0002-000000000002', 'b0000000-0000-0000-0000-000000000001', 3, 2026, 20, 2400.00),
  ('i0000000-0000-0000-0002-000000000003', 'b0000000-0000-0000-0000-000000000001', 3, 2026, 10, 3200.00),
  ('i0000000-0000-0000-0002-000000000004', 'b0000000-0000-0000-0000-000000000001', 3, 2026, 15, 3000.00),
  ('i0000000-0000-0000-0002-000000000005', 'b0000000-0000-0000-0000-000000000001', 3, 2026, 20, 1200.00),
  ('i0000000-0000-0000-0003-000000000001', 'b0000000-0000-0000-0000-000000000001', 3, 2026, 5, 300.00),
  ('i0000000-0000-0000-0003-000000000002', 'b0000000-0000-0000-0000-000000000001', 3, 2026, 3, 1200.00),
  ('i0000000-0000-0000-0003-000000000003', 'b0000000-0000-0000-0000-000000000001', 3, 2026, 5, 1500.00),
  ('i0000000-0000-0000-0004-000000000001', 'b0000000-0000-0000-0000-000000000001', 3, 2026, 10, 7200.00),
  ('i0000000-0000-0000-0004-000000000002', 'b0000000-0000-0000-0000-000000000001', 3, 2026, 8, 5200.00),
  ('i0000000-0000-0000-0004-000000000003', 'b0000000-0000-0000-0000-000000000001', 3, 2026, 8, 5200.00),
  ('i0000000-0000-0000-0004-000000000004', 'b0000000-0000-0000-0000-000000000001', 3, 2026, 3, 4500.00),
  ('i0000000-0000-0000-0004-000000000005', 'b0000000-0000-0000-0000-000000000001', 3, 2026, 12, 2400.00),
  ('i0000000-0000-0000-0006-000000000001', 'b0000000-0000-0000-0000-000000000001', 3, 2026, 10, 800.00),
  ('i0000000-0000-0000-0006-000000000002', 'b0000000-0000-0000-0000-000000000001', 3, 2026, 5, 250.00),
  ('i0000000-0000-0000-0006-000000000003', 'b0000000-0000-0000-0000-000000000001', 3, 2026, 8, 480.00),
  ('i0000000-0000-0000-0007-000000000001', 'b0000000-0000-0000-0000-000000000001', 3, 2026, 20, 400.00),
  ('i0000000-0000-0000-0007-000000000002', 'b0000000-0000-0000-0000-000000000001', 3, 2026, 3, 255.00),
  ('i0000000-0000-0000-0007-000000000003', 'b0000000-0000-0000-0000-000000000001', 3, 2026, 2, 300.00)
ON CONFLICT (item_id, branch_id, month, year) DO NOTHING;

-- ════════════════════════════════════════════════════════════════════════════
-- 4) DAILY RECEIVING — มีนาคม 2026 (ตัวอย่าง 5 วัน)
-- ════════════════════════════════════════════════════════════════════════════
INSERT INTO daily_receiving (branch_id, item_id, date, qty, amount) VALUES
  -- วันที่ 3
  ('b0000000-0000-0000-0000-000000000001', 'i0000000-0000-0000-0002-000000000001', '2026-03-03', 20, 3600.00),
  ('b0000000-0000-0000-0000-000000000001', 'i0000000-0000-0000-0004-000000000001', '2026-03-03', 5, 3600.00),
  ('b0000000-0000-0000-0000-000000000001', 'i0000000-0000-0000-0004-000000000002', '2026-03-03', 5, 3250.00),
  -- วันที่ 7
  ('b0000000-0000-0000-0000-000000000001', 'i0000000-0000-0000-0001-000000000001', '2026-03-07', 30, 900.00),
  ('b0000000-0000-0000-0000-000000000001', 'i0000000-0000-0000-0002-000000000002', '2026-03-07', 15, 1800.00),
  ('b0000000-0000-0000-0000-000000000001', 'i0000000-0000-0000-0002-000000000003', '2026-03-07', 8, 2560.00),
  ('b0000000-0000-0000-0000-000000000001', 'i0000000-0000-0000-0004-000000000003', '2026-03-07', 5, 3250.00),
  -- วันที่ 12
  ('b0000000-0000-0000-0000-000000000001', 'i0000000-0000-0000-0002-000000000001', '2026-03-12', 25, 4500.00),
  ('b0000000-0000-0000-0000-000000000001', 'i0000000-0000-0000-0002-000000000004', '2026-03-12', 10, 2000.00),
  ('b0000000-0000-0000-0000-000000000001', 'i0000000-0000-0000-0004-000000000005', '2026-03-12', 15, 3000.00),
  ('b0000000-0000-0000-0000-000000000001', 'i0000000-0000-0000-0006-000000000001', '2026-03-12', 10, 800.00),
  -- วันที่ 18
  ('b0000000-0000-0000-0000-000000000001', 'i0000000-0000-0000-0001-000000000001', '2026-03-18', 25, 750.00),
  ('b0000000-0000-0000-0000-000000000001', 'i0000000-0000-0000-0002-000000000001', '2026-03-18', 20, 3600.00),
  ('b0000000-0000-0000-0000-000000000001', 'i0000000-0000-0000-0004-000000000001', '2026-03-18', 8, 5760.00),
  ('b0000000-0000-0000-0000-000000000001', 'i0000000-0000-0000-0004-000000000004', '2026-03-18', 2, 3000.00),
  -- วันที่ 25
  ('b0000000-0000-0000-0000-000000000001', 'i0000000-0000-0000-0002-000000000002', '2026-03-25', 10, 1200.00),
  ('b0000000-0000-0000-0000-000000000001', 'i0000000-0000-0000-0002-000000000003', '2026-03-25', 5, 1600.00),
  ('b0000000-0000-0000-0000-000000000001', 'i0000000-0000-0000-0004-000000000002', '2026-03-25', 5, 3250.00),
  ('b0000000-0000-0000-0000-000000000001', 'i0000000-0000-0000-0004-000000000003', '2026-03-25', 5, 3250.00),
  ('b0000000-0000-0000-0000-000000000001', 'i0000000-0000-0000-0007-000000000002', '2026-03-25', 2, 170.00);

-- ════════════════════════════════════════════════════════════════════════════
-- 5) CLOSING STOCK — มีนาคม 2026
-- ════════════════════════════════════════════════════════════════════════════
INSERT INTO closing_stock (item_id, branch_id, month, year, unit_price, quantity) VALUES
  ('i0000000-0000-0000-0001-000000000001', 'b0000000-0000-0000-0000-000000000001', 3, 2026, 30.00, 15),
  ('i0000000-0000-0000-0001-000000000002', 'b0000000-0000-0000-0000-000000000001', 3, 2026, 60.00, 4),
  ('i0000000-0000-0000-0001-000000000003', 'b0000000-0000-0000-0000-000000000001', 3, 2026, 75.00, 2),
  ('i0000000-0000-0000-0001-000000000004', 'b0000000-0000-0000-0000-000000000001', 3, 2026, 35.00, 3),
  ('i0000000-0000-0000-0001-000000000005', 'b0000000-0000-0000-0000-000000000001', 3, 2026, 30.00, 2),
  ('i0000000-0000-0000-0002-000000000001', 'b0000000-0000-0000-0000-000000000001', 3, 2026, 180.00, 5),
  ('i0000000-0000-0000-0002-000000000002', 'b0000000-0000-0000-0000-000000000001', 3, 2026, 120.00, 5),
  ('i0000000-0000-0000-0002-000000000003', 'b0000000-0000-0000-0000-000000000001', 3, 2026, 320.00, 3),
  ('i0000000-0000-0000-0002-000000000004', 'b0000000-0000-0000-0000-000000000001', 3, 2026, 200.00, 5),
  ('i0000000-0000-0000-0002-000000000005', 'b0000000-0000-0000-0000-000000000001', 3, 2026, 60.00, 8),
  ('i0000000-0000-0000-0003-000000000001', 'b0000000-0000-0000-0000-000000000001', 3, 2026, 60.00, 2),
  ('i0000000-0000-0000-0003-000000000002', 'b0000000-0000-0000-0000-000000000001', 3, 2026, 400.00, 1),
  ('i0000000-0000-0000-0003-000000000003', 'b0000000-0000-0000-0000-000000000001', 3, 2026, 300.00, 2),
  ('i0000000-0000-0000-0004-000000000001', 'b0000000-0000-0000-0000-000000000001', 3, 2026, 720.00, 3),
  ('i0000000-0000-0000-0004-000000000002', 'b0000000-0000-0000-0000-000000000001', 3, 2026, 650.00, 3),
  ('i0000000-0000-0000-0004-000000000003', 'b0000000-0000-0000-0000-000000000001', 3, 2026, 650.00, 2),
  ('i0000000-0000-0000-0004-000000000004', 'b0000000-0000-0000-0000-000000000001', 3, 2026, 1500.00, 1),
  ('i0000000-0000-0000-0004-000000000005', 'b0000000-0000-0000-0000-000000000001', 3, 2026, 200.00, 7),
  ('i0000000-0000-0000-0006-000000000001', 'b0000000-0000-0000-0000-000000000001', 3, 2026, 80.00, 5),
  ('i0000000-0000-0000-0006-000000000002', 'b0000000-0000-0000-0000-000000000001', 3, 2026, 50.00, 2),
  ('i0000000-0000-0000-0006-000000000003', 'b0000000-0000-0000-0000-000000000001', 3, 2026, 60.00, 3),
  ('i0000000-0000-0000-0007-000000000001', 'b0000000-0000-0000-0000-000000000001', 3, 2026, 20.00, 8),
  ('i0000000-0000-0000-0007-000000000002', 'b0000000-0000-0000-0000-000000000001', 3, 2026, 85.00, 1),
  ('i0000000-0000-0000-0007-000000000003', 'b0000000-0000-0000-0000-000000000001', 3, 2026, 150.00, 1)
ON CONFLICT (item_id, branch_id, month, year) DO NOTHING;

-- ════════════════════════════════════════════════════════════════════════════
-- 6) RAW WASTE
-- ════════════════════════════════════════════════════════════════════════════
INSERT INTO raw_waste (branch_id, item_id, date, qty, type) VALUES
  ('b0000000-0000-0000-0000-000000000001', 'i0000000-0000-0000-0002-000000000001', '2026-03-05', 0.5, 'trimmed'),
  ('b0000000-0000-0000-0000-000000000001', 'i0000000-0000-0000-0002-000000000003', '2026-03-10', 0.3, 'untrimmed'),
  ('b0000000-0000-0000-0000-000000000001', 'i0000000-0000-0000-0002-000000000005', '2026-03-15', 1.0, 'trimmed'),
  ('b0000000-0000-0000-0000-000000000001', 'i0000000-0000-0000-0002-000000000004', '2026-03-20', 0.5, 'untrimmed');
